chr	start	end	query	window	variations	variations_scl	dmp_max	sc_val	sc_max	w_num	dmp_num	std	median	mean	skew
chr1A__chi	1	1000000	Agron	chr1A_1_50000	59	-0.20908906056094254	0	0	dmp_0.5	34	2	19.7	28	31.6	1.91
chr1A__chi	1	1000000	Agron	chr1A_50001_100000	32	-0.4001849981510864	0	0	dmp_0.5	34	2	19.7	28	31.6	1.91
chr1A__chi	1	1000000	Agron	chr1A_100001_150000	110	0.15186993266488474	0	0	dmp_0.5	34	2	19.7	28	31.6	1.91
chr1A__chi	1	1000000	Agron	chr1A_150001_200000	43	-0.3223310976513981	0	0	dmp_0.5	34	2	19.7	28	31.6	1.91
chr1A__chi	1	1000000	Agron	chr1A_200001_250000	58	-0.216166687879096	0	0	dmp_0.5	34	2	19.7	28	31.6	1.91
chr1A__chi	1	1000000	Agron	chr1A_250001_300000	35	-0.37895211619662594	0	0	dmp_0.5	34	2	19.7	28	31.6	1.91
chr1A__chi	1	1000000	Agron	chr1A_300001_350000	41	-0.33648635228770507	0	0	dmp_0.5	34	2	19.7	28	31.6	1.91
chr1A__chi	1	1000000	Agron	chr1A_350001_400000	119	0.21556857852826602	0	0	dmp_0.5	34	2	19.7	28	31.6	1.91
chr1A__chi	1	1000000	Agron	chr1A_400001_450000	55	-0.23739956983355642	0	0	dmp_0.5	34	2	19.7	28	31.6	1.91
chr1A__chi	1	1000000	Agron	chr1A_450001_500000	36	-0.37187448887847246	0	0	dmp_0.5	34	2	19.7	28	31.6	1.91
chr1A__chi	1	1000000	Agron	chr1A_500001_550000	33	-0.3931073708329329	0	0	dmp_0.5	34	2	19.7	28	31.6	1.91
chr1A__chi	1	1000000	Agron	chr1A_550001_600000	55	-0.23739956983355642	0	0	dmp_0.5	34	2	19.7	28	31.6	1.91
chr1A__chi	1	1000000	Agron	chr1A_600001_650000	35	-0.37895211619662594	0	0	dmp_0.5	34	2	19.7	28	31.6	1.91
chr1A__chi	1	1000000	Agron	chr1A_650001_700000	27	-0.4355731347418538	0	0	dmp_0.5	34	2	19.7	28	31.6	1.91
chr1A__chi	1	1000000	Agron	chr1A_700001_750000	32	-0.4001849981510864	0	0	dmp_0.5	34	2	19.7	28	31.6	1.91
chr1A__chi	1	1000000	Agron	chr1A_750001_800000	35	-0.37895211619662594	0	0	dmp_0.5	34	2	19.7	28	31.6	1.91
chr1A__chi	1	1000000	Agron	chr1A_800001_850000	25	-0.44972838937816073	0	0	dmp_0.5	34	2	19.7	28	31.6	1.91
chr1A__chi	1	1000000	Agron	chr1A_850001_900000	45	-0.3081758430150912	0	0	dmp_0.5	34	2	19.7	28	31.6	1.91
chr1A__chi	1	1000000	Agron	chr1A_900001_950000	53	-0.2515548244698634	0	0	dmp_0.5	34	2	19.7	28	31.6	1.91
chr1A__chi	1	1000000	Agron	chr1A_950001_1000000	43	-0.3223310976513981	0	0	dmp_0.5	34	2	19.7	28	31.6	1.91
chr1A__chi	1	1000000	Agron	chr1A_WhJag_150001_200000	33	-0.3931073708329329	0	0	dmp_0.5	34	2	19.7	28	31.6	1.91
chr1A__chi	1	1000000	Agron	chr1A_WhJag_200001_250000	55	-0.23739956983355642	0	0	dmp_0.5	34	2	19.7	28	31.6	1.91
chr1A__chi	1	1000000	Agron	chr1A_WhJag_400001_450000	58	-0.216166687879096	0	0	dmp_0.5	34	2	19.7	28	31.6	1.91
chr1A__chi	1	1000000	Agron	chr1A_WhJag_450001_500000	36	-0.37187448887847246	0	0	dmp_0.5	34	2	19.7	28	31.6	1.91
chr1A__chi	1	1000000	Agron	chr1A_WhJag_500001_550000	46	-0.30109821569693773	0	0	dmp_0.5	34	2	19.7	28	31.6	1.91
chr1A__chi	1	1000000	Agron	chr1A_WhJag_550001_600000	31	-0.40726262546923986	0	0	dmp_0.5	34	2	19.7	28	31.6	1.91
chr1A__chi	1	1000000	Agron	chr1A_WhJag_600001_650000	28	-0.4284955074237003	0	0	dmp_0.5	34	2	19.7	28	31.6	1.91
chr1A__chi	1	1000000	Agron	chr1A_WhJag_650001_700000	37	-0.364796861560319	0	0	dmp_0.5	34	2	19.7	28	31.6	1.91
chr1A__chi	1	1000000	Agron	chr1A_WhJag_700001_750000	39	-0.35064160692401203	0	0	dmp_0.5	34	2	19.7	28	31.6	1.91
chr1A__chi	1	1000000	Agron	chr1A_WhJag_750001_800000	30	-0.41434025278739334	0	0	dmp_0.5	34	2	19.7	28	31.6	1.91
chr1A__chi	1	1000000	Agron	chr1A_WhJag_800001_850000	19	-0.49219415328708155	0	0	dmp_0.5	34	2	19.7	28	31.6	1.91
chr1A__chi	1	1000000	Agron	chr1A_WhJag_850001_900000	49	-0.2798653337424773	0	0	dmp_0.5	34	2	19.7	28	31.6	1.91
chr1A__chi	1	1000000	Agron	chr1A_WhJag_900001_950000	51	-0.26571007910617034	0	0	dmp_0.5	34	2	19.7	28	31.6	1.91
chr1A__chi	1	1000000	Agron	chr1A_WhJag_950001_1000000	34	-0.3860297435147794	0	0	dmp_0.5	34	2	19.7	28	31.6	1.91
chr1A__chi	900001	1900000	Agron	chr1A_900001_950000	53	-0.2515548244698634	0	0	dmp_0.5	31	2	129.0	23	82.1	1.96
chr1A__chi	900001	1900000	Agron	chr1A_950001_1000000	43	-0.3223310976513981	0	0	dmp_0.5	31	2	129.0	23	82.1	1.96
chr1A__chi	900001	1900000	Agron	chr1A_1000001_1050000	17	-0.5063494079233886	0	0	dmp_0.5	31	2	129.0	23	82.1	1.96
chr1A__chi	900001	1900000	Agron	chr1A_1050001_1100000	33	-0.3931073708329329	0	0	dmp_0.5	31	2	129.0	23	82.1	1.96
chr1A__chi	900001	1900000	Agron	chr1A_1100001_1150000	21	-0.4780388986507746	0	0	dmp_0.5	31	2	129.0	23	82.1	1.96
chr1A__chi	900001	1900000	Agron	chr1A_1150001_1200000	57	-0.22324431519724947	0	0	dmp_0.5	31	2	129.0	23	82.1	1.96
chr1A__chi	900001	1900000	Agron	chr1A_1200001_1250000	36	-0.37187448887847246	0	0	dmp_0.5	31	2	129.0	23	82.1	1.96
chr1A__chi	900001	1900000	Agron	chr1A_1250001_1300000	13	-0.5346599171960024	0	0	dmp_0.5	31	2	129.0	23	82.1	1.96
chr1A__chi	900001	1900000	Agron	chr1A_1300001_1350000	26	-0.44265076206000725	0	0	dmp_0.5	31	2	129.0	23	82.1	1.96
chr1A__chi	900001	1900000	Agron	chr1A_1350001_1400000	72	-0.11707990542494734	0	0	dmp_0.5	31	2	129.0	23	82.1	1.96
chr1A__chi	900001	1900000	Agron	chr1A_1400001_1450000	282	1.3692218313872826	0	0	dmp_0.5	31	2	129.0	23	82.1	1.96
chr1A__chi	900001	1900000	Agron	chr1A_1450001_1500000	208	0.8454774098439254	0	0	dmp_0.5	31	2	129.0	23	82.1	1.96
chr1A__chi	900001	1900000	Agron	chr1A_1500001_1550000	156	0.47744078929994466	0	0	dmp_0.5	31	2	129.0	23	82.1	1.96
chr1A__chi	900001	1900000	Agron	chr1A_1550001_1600000	24	-0.4568060166963142	0	0	dmp_0.5	31	2	129.0	23	82.1	1.96
chr1A__chi	900001	1900000	Agron	chr1A_1600001_1650000	197	0.7676235093442372	0	0	dmp_0.5	31	2	129.0	23	82.1	1.96
chr1A__chi	900001	1900000	Agron	chr1A_1650001_1700000	491	2.848445940881359	0	0	dmp_0.5	31	2	129.0	23	82.1	1.96
chr1A__chi	900001	1900000	Agron	chr1A_1700001_1750000	295	1.4612309865232778	0	0	dmp_0.5	31	2	129.0	23	82.1	1.96
chr1A__chi	900001	1900000	Agron	chr1A_1750001_1800000	380	2.062829308566323	0	0	dmp_0.5	31	2	129.0	23	82.1	1.96
chr1A__chi	900001	1900000	Agron	chr1A_1800001_1850000	431	2.4237883017921504	0	0	dmp_0.5	31	2	129.0	23	82.1	1.96
chr1A__chi	900001	1900000	Agron	chr1A_1850001_1900000	377	2.041596426611863	0	0	dmp_0.5	31	2	129.0	23	82.1	1.96
chr1A__chi	900001	1900000	Agron	chr1A_WhJag_900001_950000	51	-0.26571007910617034	0	0	dmp_0.5	31	2	129.0	23	82.1	1.96
chr1A__chi	900001	1900000	Agron	chr1A_WhJag_950001_1000000	34	-0.3860297435147794	0	0	dmp_0.5	31	2	129.0	23	82.1	1.96
chr1A__chi	900001	1900000	Agron	chr1A_WhJag_1000001_1050000	19	-0.49219415328708155	0	0	dmp_0.5	31	2	129.0	23	82.1	1.96
chr1A__chi	900001	1900000	Agron	chr1A_WhJag_1050001_1100000	35	-0.37895211619662594	0	0	dmp_0.5	31	2	129.0	23	82.1	1.96
chr1A__chi	900001	1900000	Agron	chr1A_WhJag_1100001_1150000	40	-0.34356397960585855	0	0	dmp_0.5	31	2	129.0	23	82.1	1.96
chr1A__chi	900001	1900000	Agron	chr1A_WhJag_1200001_1250000	25	-0.44972838937816073	0	0	dmp_0.5	31	2	129.0	23	82.1	1.96
chr1A__chi	900001	1900000	Agron	chr1A_WhJag_1250001_1300000	21	-0.4780388986507746	0	0	dmp_0.5	31	2	129.0	23	82.1	1.96
chr1A__chi	900001	1900000	Agron	chr1A_WhJag_1300001_1350000	18	-0.499271780605235	0	0	dmp_0.5	31	2	129.0	23	82.1	1.96
chr1A__chi	900001	1900000	Agron	chr1A_WhJag_1350001_1400000	111	0.15894755998303822	0	0	dmp_0.5	31	2	129.0	23	82.1	1.96
chr1A__chi	900001	1900000	Agron	chr1A_WhJag_1550001_1600000	14	-0.5275822898778489	0	0	dmp_0.5	31	2	129.0	23	82.1	1.96
chr1A__chi	900001	1900000	Agron	chr1A_WhJag_1600001_1650000	25	-0.44972838937816073	0	0	dmp_0.5	31	2	129.0	23	82.1	1.96
chr1A__chi	1800001	2100000	Agron	chr1A_1800001_1850000	431	2.4237883017921504	0	0	dmp_0.5	6	2	60.7	450	444.5	-0.99
chr1A__chi	1800001	2100000	Agron	chr1A_1850001_1900000	377	2.041596426611863	0	0	dmp_0.5	6	2	60.7	450	444.5	-0.99
chr1A__chi	1800001	2100000	Agron	chr1A_1900001_1950000	489	2.834290686245052	0	0	dmp_0.5	6	2	60.7	450	444.5	-0.99
chr1A__chi	1800001	2100000	Agron	chr1A_1950001_2000000	414	2.303468637383541	0	0	dmp_0.5	6	2	60.7	450	444.5	-0.99
chr1A__chi	1800001	2100000	Agron	chr1A_2000001_2050000	469	2.6927381398819827	0	0	dmp_0.5	6	2	60.7	450	444.5	-0.99
chr1A__chi	1800001	2100000	Agron	chr1A_2050001_2100000	451	2.56534084815522	0	0	dmp_0.5	6	2	60.7	450	444.5	-0.99
chr1A__chi	1	1000000	WATDE0010	chr1A_1_50000	28	-0.4284955074237003	1	0	dmp_0.5	34	2	19.7	28	31.6	1.91
chr1A__chi	1	1000000	WATDE0010	chr1A_50001_100000	65	-0.16662329665202166	1	0	dmp_0.5	34	2	19.7	28	31.6	1.91
chr1A__chi	1	1000000	WATDE0010	chr1A_100001_150000	34	-0.3860297435147794	1	0	dmp_0.5	34	2	19.7	28	31.6	1.91
chr1A__chi	1	1000000	WATDE0010	chr1A_150001_200000	30	-0.41434025278739334	1	0	dmp_0.5	34	2	19.7	28	31.6	1.91
chr1A__chi	1	1000000	WATDE0010	chr1A_200001_250000	23	-0.46388364401446763	1	0	dmp_0.5	34	2	19.7	28	31.6	1.91
chr1A__chi	1	1000000	WATDE0010	chr1A_250001_300000	17	-0.5063494079233886	1	0	dmp_0.5	34	2	19.7	28	31.6	1.91
chr1A__chi	1	1000000	WATDE0010	chr1A_300001_350000	69	-0.13831278737940778	1	0	dmp_0.5	34	2	19.7	28	31.6	1.91
chr1A__chi	1	1000000	WATDE0010	chr1A_350001_400000	32	-0.4001849981510864	1	0	dmp_0.5	34	2	19.7	28	31.6	1.91
chr1A__chi	1	1000000	WATDE0010	chr1A_400001_450000	19	-0.49219415328708155	1	0	dmp_0.5	34	2	19.7	28	31.6	1.91
chr1A__chi	1	1000000	WATDE0010	chr1A_450001_500000	8	-0.5700480537867698	1	0	dmp_0.5	34	2	19.7	28	31.6	1.91
chr1A__chi	1	1000000	WATDE0010	chr1A_500001_550000	11	-0.5488151718323093	1	0	dmp_0.5	34	2	19.7	28	31.6	1.91
chr1A__chi	1	1000000	WATDE0010	chr1A_550001_600000	31	-0.40726262546923986	1	0	dmp_0.5	34	2	19.7	28	31.6	1.91
chr1A__chi	1	1000000	WATDE0010	chr1A_600001_650000	21	-0.4780388986507746	1	0	dmp_0.5	34	2	19.7	28	31.6	1.91
chr1A__chi	1	1000000	WATDE0010	chr1A_650001_700000	15	-0.5205046625596955	1	0	dmp_0.5	34	2	19.7	28	31.6	1.91
chr1A__chi	1	1000000	WATDE0010	chr1A_700001_750000	16	-0.513427035241542	1	0	dmp_0.5	34	2	19.7	28	31.6	1.91
chr1A__chi	1	1000000	WATDE0010	chr1A_750001_800000	11	-0.5488151718323093	1	0	dmp_0.5	34	2	19.7	28	31.6	1.91
chr1A__chi	1	1000000	WATDE0010	chr1A_800001_850000	20	-0.48511652596892807	1	0	dmp_0.5	34	2	19.7	28	31.6	1.91
chr1A__chi	1	1000000	WATDE0010	chr1A_850001_900000	18	-0.499271780605235	1	0	dmp_0.5	34	2	19.7	28	31.6	1.91
chr1A__chi	1	1000000	WATDE0010	chr1A_900001_950000	30	-0.41434025278739334	1	0	dmp_0.5	34	2	19.7	28	31.6	1.91
chr1A__chi	1	1000000	WATDE0010	chr1A_950001_1000000	23	-0.46388364401446763	1	0	dmp_0.5	34	2	19.7	28	31.6	1.91
chr1A__chi	1	1000000	WATDE0010	chr1A_WhJag_150001_200000	21	-0.4780388986507746	1	0	dmp_0.5	34	2	19.7	28	31.6	1.91
chr1A__chi	1	1000000	WATDE0010	chr1A_WhJag_200001_250000	17	-0.5063494079233886	1	0	dmp_0.5	34	2	19.7	28	31.6	1.91
chr1A__chi	1	1000000	WATDE0010	chr1A_WhJag_400001_450000	15	-0.5205046625596955	1	0	dmp_0.5	34	2	19.7	28	31.6	1.91
chr1A__chi	1	1000000	WATDE0010	chr1A_WhJag_450001_500000	12	-0.5417375445141559	1	0	dmp_0.5	34	2	19.7	28	31.6	1.91
chr1A__chi	1	1000000	WATDE0010	chr1A_WhJag_500001_550000	19	-0.49219415328708155	1	0	dmp_0.5	34	2	19.7	28	31.6	1.91
chr1A__chi	1	1000000	WATDE0010	chr1A_WhJag_550001_600000	26	-0.44265076206000725	1	0	dmp_0.5	34	2	19.7	28	31.6	1.91
chr1A__chi	1	1000000	WATDE0010	chr1A_WhJag_600001_650000	19	-0.49219415328708155	1	0	dmp_0.5	34	2	19.7	28	31.6	1.91
chr1A__chi	1	1000000	WATDE0010	chr1A_WhJag_650001_700000	16	-0.513427035241542	1	0	dmp_0.5	34	2	19.7	28	31.6	1.91
chr1A__chi	1	1000000	WATDE0010	chr1A_WhJag_700001_750000	22	-0.4709612713326211	1	0	dmp_0.5	34	2	19.7	28	31.6	1.91
chr1A__chi	1	1000000	WATDE0010	chr1A_WhJag_750001_800000	11	-0.5488151718323093	1	0	dmp_0.5	34	2	19.7	28	31.6	1.91
chr1A__chi	1	1000000	WATDE0010	chr1A_WhJag_800001_850000	9	-0.5629704264686163	1	0	dmp_0.5	34	2	19.7	28	31.6	1.91
chr1A__chi	1	1000000	WATDE0010	chr1A_WhJag_850001_900000	25	-0.44972838937816073	1	0	dmp_0.5	34	2	19.7	28	31.6	1.91
chr1A__chi	1	1000000	WATDE0010	chr1A_WhJag_900001_950000	19	-0.49219415328708155	1	0	dmp_0.5	34	2	19.7	28	31.6	1.91
chr1A__chi	1	1000000	WATDE0010	chr1A_WhJag_950001_1000000	12	-0.5417375445141559	1	0	dmp_0.5	34	2	19.7	28	31.6	1.91
chr1A__chi	900001	1900000	WATDE0010	chr1A_900001_950000	30	-0.41434025278739334	1	0	dmp_0.5	31	2	129.0	23	82.1	1.96
chr1A__chi	900001	1900000	WATDE0010	chr1A_950001_1000000	23	-0.46388364401446763	1	0	dmp_0.5	31	2	129.0	23	82.1	1.96
chr1A__chi	900001	1900000	WATDE0010	chr1A_1000001_1050000	8	-0.5700480537867698	1	0	dmp_0.5	31	2	129.0	23	82.1	1.96
chr1A__chi	900001	1900000	WATDE0010	chr1A_1050001_1100000	16	-0.513427035241542	1	0	dmp_0.5	31	2	129.0	23	82.1	1.96
chr1A__chi	900001	1900000	WATDE0010	chr1A_1100001_1150000	16	-0.513427035241542	1	0	dmp_0.5	31	2	129.0	23	82.1	1.96
chr1A__chi	900001	1900000	WATDE0010	chr1A_1150001_1200000	20	-0.48511652596892807	1	0	dmp_0.5	31	2	129.0	23	82.1	1.96
chr1A__chi	900001	1900000	WATDE0010	chr1A_1200001_1250000	103	0.10232654143781042	1	0	dmp_0.5	31	2	129.0	23	82.1	1.96
chr1A__chi	900001	1900000	WATDE0010	chr1A_1250001_1300000	13	-0.5346599171960024	1	0	dmp_0.5	31	2	129.0	23	82.1	1.96
chr1A__chi	900001	1900000	WATDE0010	chr1A_1300001_1350000	15	-0.5205046625596955	1	0	dmp_0.5	31	2	129.0	23	82.1	1.96
chr1A__chi	900001	1900000	WATDE0010	chr1A_1350001_1400000	10	-0.5558927991504629	1	0	dmp_0.5	31	2	129.0	23	82.1	1.96
chr1A__chi	900001	1900000	WATDE0010	chr1A_1400001_1450000	13	-0.5346599171960024	1	0	dmp_0.5	31	2	129.0	23	82.1	1.96
chr1A__chi	900001	1900000	WATDE0010	chr1A_1450001_1500000	34	-0.3860297435147794	1	0	dmp_0.5	31	2	129.0	23	82.1	1.96
chr1A__chi	900001	1900000	WATDE0010	chr1A_1500001_1550000	9	-0.5629704264686163	1	0	dmp_0.5	31	2	129.0	23	82.1	1.96
chr1A__chi	900001	1900000	WATDE0010	chr1A_1550001_1600000	15	-0.5205046625596955	1	0	dmp_0.5	31	2	129.0	23	82.1	1.96
chr1A__chi	900001	1900000	WATDE0010	chr1A_1600001_1650000	196	0.7605458820260836	1	0	dmp_0.5	31	2	129.0	23	82.1	1.96
chr1A__chi	900001	1900000	WATDE0010	chr1A_1650001_1700000	495	2.876756450153973	1	0	dmp_0.5	31	2	129.0	23	82.1	1.96
chr1A__chi	900001	1900000	WATDE0010	chr1A_1700001_1750000	330	1.7089479426586494	1	0	dmp_0.5	31	2	129.0	23	82.1	1.96
chr1A__chi	900001	1900000	WATDE0010	chr1A_1750001_1800000	386	2.105295072475244	1	0	dmp_0.5	31	2	129.0	23	82.1	1.96
chr1A__chi	900001	1900000	WATDE0010	chr1A_1800001_1850000	423	2.3671672832469226	1	0	dmp_0.5	31	2	129.0	23	82.1	1.96
chr1A__chi	900001	1900000	WATDE0010	chr1A_1850001_1900000	397	2.1831489729749323	1	0	dmp_0.5	31	2	129.0	23	82.1	1.96
chr1A__chi	900001	1900000	WATDE0010	chr1A_WhJag_900001_950000	19	-0.49219415328708155	1	0	dmp_0.5	31	2	129.0	23	82.1	1.96
chr1A__chi	900001	1900000	WATDE0010	chr1A_WhJag_950001_1000000	12	-0.5417375445141559	1	0	dmp_0.5	31	2	129.0	23	82.1	1.96
chr1A__chi	900001	1900000	WATDE0010	chr1A_WhJag_1000001_1050000	9	-0.5629704264686163	1	0	dmp_0.5	31	2	129.0	23	82.1	1.96
chr1A__chi	900001	1900000	WATDE0010	chr1A_WhJag_1050001_1100000	11	-0.5488151718323093	1	0	dmp_0.5	31	2	129.0	23	82.1	1.96
chr1A__chi	900001	1900000	WATDE0010	chr1A_WhJag_1100001_1150000	10	-0.5558927991504629	1	0	dmp_0.5	31	2	129.0	23	82.1	1.96
chr1A__chi	900001	1900000	WATDE0010	chr1A_WhJag_1200001_1250000	13	-0.5346599171960024	1	0	dmp_0.5	31	2	129.0	23	82.1	1.96
chr1A__chi	900001	1900000	WATDE0010	chr1A_WhJag_1250001_1300000	17	-0.5063494079233886	1	0	dmp_0.5	31	2	129.0	23	82.1	1.96
chr1A__chi	900001	1900000	WATDE0010	chr1A_WhJag_1300001_1350000	11	-0.5488151718323093	1	0	dmp_0.5	31	2	129.0	23	82.1	1.96
chr1A__chi	900001	1900000	WATDE0010	chr1A_WhJag_1350001_1400000	26	-0.44265076206000725	1	0	dmp_0.5	31	2	129.0	23	82.1	1.96
chr1A__chi	900001	1900000	WATDE0010	chr1A_WhJag_1550001_1600000	11	-0.5488151718323093	1	0	dmp_0.5	31	2	129.0	23	82.1	1.96
chr1A__chi	900001	1900000	WATDE0010	chr1A_WhJag_1600001_1650000	11	-0.5488151718323093	1	0	dmp_0.5	31	2	129.0	23	82.1	1.96
chr1A__chi	1800001	2100000	WATDE0010	chr1A_1800001_1850000	423	2.3671672832469226	1	0	dmp_0.5	6	2	60.7	450	444.5	-0.99
chr1A__chi	1800001	2100000	WATDE0010	chr1A_1850001_1900000	397	2.1831489729749323	1	0	dmp_0.5	6	2	60.7	450	444.5	-0.99
chr1A__chi	1800001	2100000	WATDE0010	chr1A_1900001_1950000	520	3.0536971331078098	1	0	dmp_0.5	6	2	60.7	450	444.5	-0.99
chr1A__chi	1800001	2100000	WATDE0010	chr1A_1950001_2000000	435	2.452098811064764	1	0	dmp_0.5	6	2	60.7	450	444.5	-0.99
chr1A__chi	1800001	2100000	WATDE0010	chr1A_2000001_2050000	489	2.834290686245052	1	0	dmp_0.5	6	2	60.7	450	444.5	-0.99
chr1A__chi	1800001	2100000	WATDE0010	chr1A_2050001_2100000	461	2.636117121336755	1	0	dmp_0.5	6	2	60.7	450	444.5	-0.99
chr1A__chi	1	1000000	WATDE0020	chr1A_1_50000	25	-0.44972838937816073	1	0	dmp_0.5	34	2	19.7	28	31.6	1.91
chr1A__chi	1	1000000	WATDE0020	chr1A_50001_100000	22	-0.4709612713326211	1	0	dmp_0.5	34	2	19.7	28	31.6	1.91
chr1A__chi	1	1000000	WATDE0020	chr1A_100001_150000	37	-0.364796861560319	1	0	dmp_0.5	34	2	19.7	28	31.6	1.91
chr1A__chi	1	1000000	WATDE0020	chr1A_150001_200000	31	-0.40726262546923986	1	0	dmp_0.5	34	2	19.7	28	31.6	1.91
chr1A__chi	1	1000000	WATDE0020	chr1A_200001_250000	35	-0.37895211619662594	1	0	dmp_0.5	34	2	19.7	28	31.6	1.91
chr1A__chi	1	1000000	WATDE0020	chr1A_250001_300000	23	-0.46388364401446763	1	0	dmp_0.5	34	2	19.7	28	31.6	1.91
chr1A__chi	1	1000000	WATDE0020	chr1A_300001_350000	75	-0.0958470234704869	1	0	dmp_0.5	34	2	19.7	28	31.6	1.91
chr1A__chi	1	1000000	WATDE0020	chr1A_350001_400000	37	-0.364796861560319	1	0	dmp_0.5	34	2	19.7	28	31.6	1.91
chr1A__chi	1	1000000	WATDE0020	chr1A_400001_450000	27	-0.4355731347418538	1	0	dmp_0.5	34	2	19.7	28	31.6	1.91
chr1A__chi	1	1000000	WATDE0020	chr1A_450001_500000	18	-0.499271780605235	1	0	dmp_0.5	34	2	19.7	28	31.6	1.91
chr1A__chi	1	1000000	WATDE0020	chr1A_500001_550000	18	-0.499271780605235	1	0	dmp_0.5	34	2	19.7	28	31.6	1.91
chr1A__chi	1	1000000	WATDE0020	chr1A_550001_600000	33	-0.3931073708329329	1	0	dmp_0.5	34	2	19.7	28	31.6	1.91
chr1A__chi	1	1000000	WATDE0020	chr1A_600001_650000	21	-0.4780388986507746	1	0	dmp_0.5	34	2	19.7	28	31.6	1.91
chr1A__chi	1	1000000	WATDE0020	chr1A_650001_700000	31	-0.40726262546923986	1	0	dmp_0.5	34	2	19.7	28	31.6	1.91
chr1A__chi	1	1000000	WATDE0020	chr1A_700001_750000	38	-0.3577192342421655	1	0	dmp_0.5	34	2	19.7	28	31.6	1.91
chr1A__chi	1	1000000	WATDE0020	chr1A_750001_800000	19	-0.49219415328708155	1	0	dmp_0.5	34	2	19.7	28	31.6	1.91
chr1A__chi	1	1000000	WATDE0020	chr1A_800001_850000	84	-0.03214837760710562	1	0	dmp_0.5	34	2	19.7	28	31.6	1.91
chr1A__chi	1	1000000	WATDE0020	chr1A_850001_900000	26	-0.44265076206000725	1	0	dmp_0.5	34	2	19.7	28	31.6	1.91
chr1A__chi	1	1000000	WATDE0020	chr1A_900001_950000	43	-0.3223310976513981	1	0	dmp_0.5	34	2	19.7	28	31.6	1.91
chr1A__chi	1	1000000	WATDE0020	chr1A_950001_1000000	22	-0.4709612713326211	1	0	dmp_0.5	34	2	19.7	28	31.6	1.91
chr1A__chi	1	1000000	WATDE0020	chr1A_WhJag_150001_200000	9	-0.5629704264686163	1	0	dmp_0.5	34	2	19.7	28	31.6	1.91
chr1A__chi	1	1000000	WATDE0020	chr1A_WhJag_200001_250000	8	-0.5700480537867698	1	0	dmp_0.5	34	2	19.7	28	31.6	1.91
chr1A__chi	1	1000000	WATDE0020	chr1A_WhJag_400001_450000	9	-0.5629704264686163	1	0	dmp_0.5	34	2	19.7	28	31.6	1.91
chr1A__chi	1	1000000	WATDE0020	chr1A_WhJag_450001_500000	8	-0.5700480537867698	1	0	dmp_0.5	34	2	19.7	28	31.6	1.91
chr1A__chi	1	1000000	WATDE0020	chr1A_WhJag_500001_550000	13	-0.5346599171960024	1	0	dmp_0.5	34	2	19.7	28	31.6	1.91
chr1A__chi	1	1000000	WATDE0020	chr1A_WhJag_550001_600000	8	-0.5700480537867698	1	0	dmp_0.5	34	2	19.7	28	31.6	1.91
chr1A__chi	1	1000000	WATDE0020	chr1A_WhJag_600001_650000	4	-0.5983585630593837	1	0	dmp_0.5	34	2	19.7	28	31.6	1.91
chr1A__chi	1	1000000	WATDE0020	chr1A_WhJag_650001_700000	21	-0.4780388986507746	1	0	dmp_0.5	34	2	19.7	28	31.6	1.91
chr1A__chi	1	1000000	WATDE0020	chr1A_WhJag_700001_750000	18	-0.499271780605235	1	0	dmp_0.5	34	2	19.7	28	31.6	1.91
chr1A__chi	1	1000000	WATDE0020	chr1A_WhJag_750001_800000	12	-0.5417375445141559	1	0	dmp_0.5	34	2	19.7	28	31.6	1.91
chr1A__chi	1	1000000	WATDE0020	chr1A_WhJag_800001_850000	8	-0.5700480537867698	1	0	dmp_0.5	34	2	19.7	28	31.6	1.91
chr1A__chi	1	1000000	WATDE0020	chr1A_WhJag_850001_900000	13	-0.5346599171960024	1	0	dmp_0.5	34	2	19.7	28	31.6	1.91
chr1A__chi	1	1000000	WATDE0020	chr1A_WhJag_900001_950000	10	-0.5558927991504629	1	0	dmp_0.5	34	2	19.7	28	31.6	1.91
chr1A__chi	1	1000000	WATDE0020	chr1A_WhJag_950001_1000000	6	-0.5842033084230768	1	0	dmp_0.5	34	2	19.7	28	31.6	1.91
chr1A__chi	900001	1900000	WATDE0020	chr1A_900001_950000	43	-0.3223310976513981	1	0	dmp_0.5	31	2	129.0	23	82.1	1.96
chr1A__chi	900001	1900000	WATDE0020	chr1A_950001_1000000	22	-0.4709612713326211	1	0	dmp_0.5	31	2	129.0	23	82.1	1.96
chr1A__chi	900001	1900000	WATDE0020	chr1A_1000001_1050000	12	-0.5417375445141559	1	0	dmp_0.5	31	2	129.0	23	82.1	1.96
chr1A__chi	900001	1900000	WATDE0020	chr1A_1050001_1100000	21	-0.4780388986507746	1	0	dmp_0.5	31	2	129.0	23	82.1	1.96
chr1A__chi	900001	1900000	WATDE0020	chr1A_1100001_1150000	22	-0.4709612713326211	1	0	dmp_0.5	31	2	129.0	23	82.1	1.96
chr1A__chi	900001	1900000	WATDE0020	chr1A_1150001_1200000	26	-0.44265076206000725	1	0	dmp_0.5	31	2	129.0	23	82.1	1.96
chr1A__chi	900001	1900000	WATDE0020	chr1A_1200001_1250000	37	-0.364796861560319	1	0	dmp_0.5	31	2	129.0	23	82.1	1.96
chr1A__chi	900001	1900000	WATDE0020	chr1A_1250001_1300000	8	-0.5700480537867698	1	0	dmp_0.5	31	2	129.0	23	82.1	1.96
chr1A__chi	900001	1900000	WATDE0020	chr1A_1300001_1350000	28	-0.4284955074237003	1	0	dmp_0.5	31	2	129.0	23	82.1	1.96
chr1A__chi	900001	1900000	WATDE0020	chr1A_1350001_1400000	28	-0.4284955074237003	1	0	dmp_0.5	31	2	129.0	23	82.1	1.96
chr1A__chi	900001	1900000	WATDE0020	chr1A_1400001_1450000	8	-0.5700480537867698	1	0	dmp_0.5	31	2	129.0	23	82.1	1.96
chr1A__chi	900001	1900000	WATDE0020	chr1A_1450001_1500000	35	-0.37895211619662594	1	0	dmp_0.5	31	2	129.0	23	82.1	1.96
chr1A__chi	900001	1900000	WATDE0020	chr1A_1500001_1550000	10	-0.5558927991504629	1	0	dmp_0.5	31	2	129.0	23	82.1	1.96
chr1A__chi	900001	1900000	WATDE0020	chr1A_1550001_1600000	21	-0.4780388986507746	1	0	dmp_0.5	31	2	129.0	23	82.1	1.96
chr1A__chi	900001	1900000	WATDE0020	chr1A_1600001_1650000	28	-0.4284955074237003	1	0	dmp_0.5	31	2	129.0	23	82.1	1.96
chr1A__chi	900001	1900000	WATDE0020	chr1A_1650001_1700000	21	-0.4780388986507746	1	0	dmp_0.5	31	2	129.0	23	82.1	1.96
chr1A__chi	900001	1900000	WATDE0020	chr1A_1700001_1750000	37	-0.364796861560319	1	0	dmp_0.5	31	2	129.0	23	82.1	1.96
chr1A__chi	900001	1900000	WATDE0020	chr1A_1750001_1800000	37	-0.364796861560319	1	0	dmp_0.5	31	2	129.0	23	82.1	1.96
chr1A__chi	900001	1900000	WATDE0020	chr1A_1800001_1850000	262	1.227669285024213	1	0	dmp_0.5	31	2	129.0	23	82.1	1.96
chr1A__chi	900001	1900000	WATDE0020	chr1A_1850001_1900000	392	2.147760836384165	1	0	dmp_0.5	31	2	129.0	23	82.1	1.96
chr1A__chi	900001	1900000	WATDE0020	chr1A_WhJag_900001_950000	10	-0.5558927991504629	1	0	dmp_0.5	31	2	129.0	23	82.1	1.96
chr1A__chi	900001	1900000	WATDE0020	chr1A_WhJag_950001_1000000	6	-0.5842033084230768	1	0	dmp_0.5	31	2	129.0	23	82.1	1.96
chr1A__chi	900001	1900000	WATDE0020	chr1A_WhJag_1000001_1050000	2	-0.6125138176956907	1	0	dmp_0.5	31	2	129.0	23	82.1	1.96
chr1A__chi	900001	1900000	WATDE0020	chr1A_WhJag_1050001_1100000	10	-0.5558927991504629	1	0	dmp_0.5	31	2	129.0	23	82.1	1.96
chr1A__chi	900001	1900000	WATDE0020	chr1A_WhJag_1100001_1150000	17	-0.5063494079233886	1	0	dmp_0.5	31	2	129.0	23	82.1	1.96
chr1A__chi	900001	1900000	WATDE0020	chr1A_WhJag_1200001_1250000	17	-0.5063494079233886	1	0	dmp_0.5	31	2	129.0	23	82.1	1.96
chr1A__chi	900001	1900000	WATDE0020	chr1A_WhJag_1250001_1300000	17	-0.5063494079233886	1	0	dmp_0.5	31	2	129.0	23	82.1	1.96
chr1A__chi	900001	1900000	WATDE0020	chr1A_WhJag_1300001_1350000	17	-0.5063494079233886	1	0	dmp_0.5	31	2	129.0	23	82.1	1.96
chr1A__chi	900001	1900000	WATDE0020	chr1A_WhJag_1350001_1400000	30	-0.41434025278739334	1	0	dmp_0.5	31	2	129.0	23	82.1	1.96
chr1A__chi	900001	1900000	WATDE0020	chr1A_WhJag_1550001_1600000	12	-0.5417375445141559	1	0	dmp_0.5	31	2	129.0	23	82.1	1.96
chr1A__chi	900001	1900000	WATDE0020	chr1A_WhJag_1600001_1650000	19	-0.49219415328708155	1	0	dmp_0.5	31	2	129.0	23	82.1	1.96
chr1A__chi	1800001	2100000	WATDE0020	chr1A_1800001_1850000	262	1.227669285024213	1	0	dmp_0.5	6	2	60.7	450	444.5	-0.99
chr1A__chi	1800001	2100000	WATDE0020	chr1A_1850001_1900000	392	2.147760836384165	1	0	dmp_0.5	6	2	60.7	450	444.5	-0.99
chr1A__chi	1800001	2100000	WATDE0020	chr1A_1900001_1950000	537	3.174016797516419	1	0	dmp_0.5	6	2	60.7	450	444.5	-0.99
chr1A__chi	1800001	2100000	WATDE0020	chr1A_1950001_2000000	441	2.494564574973685	1	0	dmp_0.5	6	2	60.7	450	444.5	-0.99
chr1A__chi	1800001	2100000	WATDE0020	chr1A_2000001_2050000	525	3.089085269698577	1	0	dmp_0.5	6	2	60.7	450	444.5	-0.99
chr1A__chi	1800001	2100000	WATDE0020	chr1A_2050001_2100000	456	2.600728984745987	1	0	dmp_0.5	6	2	60.7	450	444.5	-0.99
chr1A__chi	1	1000000	ability	chr1A_1_50000	55	-0.23739956983355642	0	0	dmp_0.5	34	2	19.7	28	31.6	1.91
chr1A__chi	1	1000000	ability	chr1A_50001_100000	28	-0.4284955074237003	0	0	dmp_0.5	34	2	19.7	28	31.6	1.91
chr1A__chi	1	1000000	ability	chr1A_100001_150000	110	0.15186993266488474	0	0	dmp_0.5	34	2	19.7	28	31.6	1.91
chr1A__chi	1	1000000	ability	chr1A_150001_200000	38	-0.3577192342421655	0	0	dmp_0.5	34	2	19.7	28	31.6	1.91
chr1A__chi	1	1000000	ability	chr1A_200001_250000	48	-0.2869429610606308	0	0	dmp_0.5	34	2	19.7	28	31.6	1.91
chr1A__chi	1	1000000	ability	chr1A_250001_300000	28	-0.4284955074237003	0	0	dmp_0.5	34	2	19.7	28	31.6	1.91
chr1A__chi	1	1000000	ability	chr1A_300001_350000	36	-0.37187448887847246	0	0	dmp_0.5	34	2	19.7	28	31.6	1.91
chr1A__chi	1	1000000	ability	chr1A_350001_400000	79	-0.067536514197873	0	0	dmp_0.5	34	2	19.7	28	31.6	1.91
chr1A__chi	1	1000000	ability	chr1A_400001_450000	46	-0.30109821569693773	0	0	dmp_0.5	34	2	19.7	28	31.6	1.91
chr1A__chi	1	1000000	ability	chr1A_450001_500000	24	-0.4568060166963142	0	0	dmp_0.5	34	2	19.7	28	31.6	1.91
chr1A__chi	1	1000000	ability	chr1A_500001_550000	25	-0.44972838937816073	0	0	dmp_0.5	34	2	19.7	28	31.6	1.91
chr1A__chi	1	1000000	ability	chr1A_550001_600000	28	-0.4284955074237003	0	0	dmp_0.5	34	2	19.7	28	31.6	1.91
chr1A__chi	1	1000000	ability	chr1A_600001_650000	27	-0.4355731347418538	0	0	dmp_0.5	34	2	19.7	28	31.6	1.91
chr1A__chi	1	1000000	ability	chr1A_650001_700000	18	-0.499271780605235	0	0	dmp_0.5	34	2	19.7	28	31.6	1.91
chr1A__chi	1	1000000	ability	chr1A_700001_750000	32	-0.4001849981510864	0	0	dmp_0.5	34	2	19.7	28	31.6	1.91
chr1A__chi	1	1000000	ability	chr1A_750001_800000	20	-0.48511652596892807	0	0	dmp_0.5	34	2	19.7	28	31.6	1.91
chr1A__chi	1	1000000	ability	chr1A_800001_850000	30	-0.41434025278739334	0	0	dmp_0.5	34	2	19.7	28	31.6	1.91
chr1A__chi	1	1000000	ability	chr1A_850001_900000	26	-0.44265076206000725	0	0	dmp_0.5	34	2	19.7	28	31.6	1.91
chr1A__chi	1	1000000	ability	chr1A_900001_950000	47	-0.29402058837878425	0	0	dmp_0.5	34	2	19.7	28	31.6	1.91
chr1A__chi	1	1000000	ability	chr1A_950001_1000000	36	-0.37187448887847246	0	0	dmp_0.5	34	2	19.7	28	31.6	1.91
chr1A__chi	1	1000000	ability	chr1A_WhJag_150001_200000	34	-0.3860297435147794	0	0	dmp_0.5	34	2	19.7	28	31.6	1.91
chr1A__chi	1	1000000	ability	chr1A_WhJag_200001_250000	48	-0.2869429610606308	0	0	dmp_0.5	34	2	19.7	28	31.6	1.91
chr1A__chi	1	1000000	ability	chr1A_WhJag_400001_450000	46	-0.30109821569693773	0	0	dmp_0.5	34	2	19.7	28	31.6	1.91
chr1A__chi	1	1000000	ability	chr1A_WhJag_450001_500000	27	-0.4355731347418538	0	0	dmp_0.5	34	2	19.7	28	31.6	1.91
chr1A__chi	1	1000000	ability	chr1A_WhJag_500001_550000	29	-0.4214178801055468	0	0	dmp_0.5	34	2	19.7	28	31.6	1.91
chr1A__chi	1	1000000	ability	chr1A_WhJag_550001_600000	28	-0.4284955074237003	0	0	dmp_0.5	34	2	19.7	28	31.6	1.91
chr1A__chi	1	1000000	ability	chr1A_WhJag_600001_650000	23	-0.46388364401446763	0	0	dmp_0.5	34	2	19.7	28	31.6	1.91
chr1A__chi	1	1000000	ability	chr1A_WhJag_650001_700000	26	-0.44265076206000725	0	0	dmp_0.5	34	2	19.7	28	31.6	1.91
chr1A__chi	1	1000000	ability	chr1A_WhJag_700001_750000	35	-0.37895211619662594	0	0	dmp_0.5	34	2	19.7	28	31.6	1.91
chr1A__chi	1	1000000	ability	chr1A_WhJag_750001_800000	20	-0.48511652596892807	0	0	dmp_0.5	34	2	19.7	28	31.6	1.91
chr1A__chi	1	1000000	ability	chr1A_WhJag_800001_850000	19	-0.49219415328708155	0	0	dmp_0.5	34	2	19.7	28	31.6	1.91
chr1A__chi	1	1000000	ability	chr1A_WhJag_850001_900000	33	-0.3931073708329329	0	0	dmp_0.5	34	2	19.7	28	31.6	1.91
chr1A__chi	1	1000000	ability	chr1A_WhJag_900001_950000	37	-0.364796861560319	0	0	dmp_0.5	34	2	19.7	28	31.6	1.91
chr1A__chi	1	1000000	ability	chr1A_WhJag_950001_1000000	21	-0.4780388986507746	0	0	dmp_0.5	34	2	19.7	28	31.6	1.91
chr1A__chi	900001	1900000	ability	chr1A_900001_950000	47	-0.29402058837878425	1	0	dmp_0.5	31	2	129.0	23	82.1	1.96
chr1A__chi	900001	1900000	ability	chr1A_950001_1000000	36	-0.37187448887847246	1	0	dmp_0.5	31	2	129.0	23	82.1	1.96
chr1A__chi	900001	1900000	ability	chr1A_1000001_1050000	14	-0.5275822898778489	1	0	dmp_0.5	31	2	129.0	23	82.1	1.96
chr1A__chi	900001	1900000	ability	chr1A_1050001_1100000	28	-0.4284955074237003	1	0	dmp_0.5	31	2	129.0	23	82.1	1.96
chr1A__chi	900001	1900000	ability	chr1A_1100001_1150000	22	-0.4709612713326211	1	0	dmp_0.5	31	2	129.0	23	82.1	1.96
chr1A__chi	900001	1900000	ability	chr1A_1150001_1200000	38	-0.3577192342421655	1	0	dmp_0.5	31	2	129.0	23	82.1	1.96
chr1A__chi	900001	1900000	ability	chr1A_1200001_1250000	119	0.21556857852826602	1	0	dmp_0.5	31	2	129.0	23	82.1	1.96
chr1A__chi	900001	1900000	ability	chr1A_1250001_1300000	19	-0.49219415328708155	1	0	dmp_0.5	31	2	129.0	23	82.1	1.96
chr1A__chi	900001	1900000	ability	chr1A_1300001_1350000	29	-0.4214178801055468	1	0	dmp_0.5	31	2	129.0	23	82.1	1.96
chr1A__chi	900001	1900000	ability	chr1A_1350001_1400000	13	-0.5346599171960024	1	0	dmp_0.5	31	2	129.0	23	82.1	1.96
chr1A__chi	900001	1900000	ability	chr1A_1400001_1450000	12	-0.5417375445141559	1	0	dmp_0.5	31	2	129.0	23	82.1	1.96
chr1A__chi	900001	1900000	ability	chr1A_1450001_1500000	18	-0.499271780605235	1	0	dmp_0.5	31	2	129.0	23	82.1	1.96
chr1A__chi	900001	1900000	ability	chr1A_1500001_1550000	12	-0.5417375445141559	1	0	dmp_0.5	31	2	129.0	23	82.1	1.96
chr1A__chi	900001	1900000	ability	chr1A_1550001_1600000	17	-0.5063494079233886	1	0	dmp_0.5	31	2	129.0	23	82.1	1.96
chr1A__chi	900001	1900000	ability	chr1A_1600001_1650000	209	0.8525550371620789	1	0	dmp_0.5	31	2	129.0	23	82.1	1.96
chr1A__chi	900001	1900000	ability	chr1A_1650001_1700000	442	2.5016422022918388	1	0	dmp_0.5	31	2	129.0	23	82.1	1.96
chr1A__chi	900001	1900000	ability	chr1A_1700001_1750000	191	0.7251577454353163	1	0	dmp_0.5	31	2	129.0	23	82.1	1.96
chr1A__chi	900001	1900000	ability	chr1A_1750001_1800000	344	1.808034725112798	1	0	dmp_0.5	31	2	129.0	23	82.1	1.96
chr1A__chi	900001	1900000	ability	chr1A_1800001_1850000	380	2.062829308566323	1	0	dmp_0.5	31	2	129.0	23	82.1	1.96
chr1A__chi	900001	1900000	ability	chr1A_1850001_1900000	395	2.1689937183386254	1	0	dmp_0.5	31	2	129.0	23	82.1	1.96
chr1A__chi	900001	1900000	ability	chr1A_WhJag_900001_950000	37	-0.364796861560319	1	0	dmp_0.5	31	2	129.0	23	82.1	1.96
chr1A__chi	900001	1900000	ability	chr1A_WhJag_950001_1000000	21	-0.4780388986507746	1	0	dmp_0.5	31	2	129.0	23	82.1	1.96
chr1A__chi	900001	1900000	ability	chr1A_WhJag_1000001_1050000	19	-0.49219415328708155	1	0	dmp_0.5	31	2	129.0	23	82.1	1.96
chr1A__chi	900001	1900000	ability	chr1A_WhJag_1050001_1100000	23	-0.46388364401446763	1	0	dmp_0.5	31	2	129.0	23	82.1	1.96
chr1A__chi	900001	1900000	ability	chr1A_WhJag_1100001_1150000	21	-0.4780388986507746	1	0	dmp_0.5	31	2	129.0	23	82.1	1.96
chr1A__chi	900001	1900000	ability	chr1A_WhJag_1200001_1250000	28	-0.4284955074237003	1	0	dmp_0.5	31	2	129.0	23	82.1	1.96
chr1A__chi	900001	1900000	ability	chr1A_WhJag_1250001_1300000	27	-0.4355731347418538	1	0	dmp_0.5	31	2	129.0	23	82.1	1.96
chr1A__chi	900001	1900000	ability	chr1A_WhJag_1300001_1350000	17	-0.5063494079233886	1	0	dmp_0.5	31	2	129.0	23	82.1	1.96
chr1A__chi	900001	1900000	ability	chr1A_WhJag_1350001_1400000	12	-0.5417375445141559	1	0	dmp_0.5	31	2	129.0	23	82.1	1.96
chr1A__chi	900001	1900000	ability	chr1A_WhJag_1550001_1600000	12	-0.5417375445141559	1	0	dmp_0.5	31	2	129.0	23	82.1	1.96
chr1A__chi	900001	1900000	ability	chr1A_WhJag_1600001_1650000	14	-0.5275822898778489	1	0	dmp_0.5	31	2	129.0	23	82.1	1.96
chr1A__chi	1800001	2100000	ability	chr1A_1800001_1850000	380	2.062829308566323	1	0	dmp_0.5	6	2	60.7	450	444.5	-0.99
chr1A__chi	1800001	2100000	ability	chr1A_1850001_1900000	395	2.1689937183386254	1	0	dmp_0.5	6	2	60.7	450	444.5	-0.99
chr1A__chi	1800001	2100000	ability	chr1A_1900001_1950000	509	2.9758432326081214	1	0	dmp_0.5	6	2	60.7	450	444.5	-0.99
chr1A__chi	1800001	2100000	ability	chr1A_1950001_2000000	449	2.551185593518913	1	0	dmp_0.5	6	2	60.7	450	444.5	-0.99
chr1A__chi	1800001	2100000	ability	chr1A_2000001_2050000	500	2.9121445867447404	1	0	dmp_0.5	6	2	60.7	450	444.5	-0.99
chr1A__chi	1800001	2100000	ability	chr1A_2050001_2100000	466	2.6715052579275222	1	0	dmp_0.5	6	2	60.7	450	444.5	-0.99
